date,sat_map_time_local,sat_fetched_at_local,sat_mean_c,sat_nearest_c,sat_nearest_lat,sat_nearest_lon,sat_n_cells,buoy_time_local,buoy_temp_c
2026-09-23,,,,,,,,2026-09-23 08:00,23.1
2026-09-24,,,,,,,,2026-09-24 08:00,23.3
2026-09-25,,,,,,,,2026-09-25 08:00,23.3
2026-09-26,,,,,,,,2026-09-26 08:00,22.7
2026-09-27,,,,,,,,2026-09-27 08:00,22.9
2026-09-28,,,,,,,,2026-09-28 08:00,22.8
2026-09-29,2026-09-29 02:00,2026-09-30 12:12,23.13,23.19,36.5792,-4.5292,9,2026-09-29 08:00,22.9
2026-09-30,2026-09-30 02:00,2026-09-30 13:29,23.63,23.59,36.5792,-4.5292,9,2026-09-30 08:00,23.1
2026-10-01,2026-10-01 02:00,2026-10-01 14:02,23.38,23.43,36.5792,-4.5292,9,2026-10-01 08:00,23.3
2026-10-02,2026-10-02 02:00,2026-10-02 13:34,23.75,23.71,36.5792,-4.5292,9,2026-10-02 08:00,23.3
2026-10-03,,,,,,,,2026-10-03 08:00,23.7
